,player,pl_acc,pl_pps,min_start,min_end,shots_count,shots_made,shots_freq,shots_acc
0,CJ Miles [TOR],35.483870967741936,92.1146953405018,1,1,0,0,0.0,0.0
1,Delon Wright [TOR],43.12977099236641,95.22900763358778,1,1,0,0,0.0,0.0
2,Marc Gasol [TOR],44.85981308411215,101.16822429906543,1,1,6,1,5.084745762711864,16.666666666666664
3,Jeremy Lin [TOR],42.91417165668663,95.80838323353294,1,1,0,0,0.0,0.0
4,Norman Powell [TOR],47.8494623655914,111.29032258064515,1,1,1,0,0.847457627118644,0.0
5,Greg Monroe [TOR],49.09090909090909,98.7878787878788,1,1,1,1,0.847457627118644,100.0
6,Jonas Valanciunas [TOR],55.787476280834916,114.04174573055028,1,1,4,3,3.389830508474576,75.0
7,OG Anunoby [TOR],45.05208333333333,106.51041666666667,1,1,2,0,1.694915254237288,0.0
8,Fred VanVleet [TOR],41.289198606271775,101.56794425087108,1,1,8,4,6.779661016949152,50.0
9,Pascal Siakam [TOR],55.032822757111596,118.38074398249452,1,1,16,5,13.559322033898304,31.25
10,Serge Ibaka [TOR],52.79429250891795,110.93935790725327,1,1,18,11,15.254237288135593,61.111111111111114
11,Kyle Lowry [TOR],41.25177809388336,103.84068278805121,1,1,24,6,20.338983050847457,25.0
12,Others [TOR],0.0,0.0,1,1,0,0,0.0,0.0
13,Danny Green [TOR],46.73202614379085,124.83660130718954,1,1,18,11,15.254237288135593,61.111111111111114
14,Kawhi Leonard [TOR],49.9546690843155,109.88213961922031,1,1,20,11,16.949152542372882,55.00000000000001
15,CJ Miles [TOR],35.483870967741936,92.1146953405018,2,2,1,0,0.6289308176100629,0.0
16,Delon Wright [TOR],43.12977099236641,95.22900763358778,2,2,1,0,0.6289308176100629,0.0
17,Marc Gasol [TOR],44.85981308411215,101.16822429906543,2,2,5,2,3.1446540880503147,40.0
18,Jeremy Lin [TOR],42.91417165668663,95.80838323353294,2,2,1,1,0.6289308176100629,100.0
19,Norman Powell [TOR],47.8494623655914,111.29032258064515,2,2,1,1,0.6289308176100629,100.0
20,Greg Monroe [TOR],49.09090909090909,98.7878787878788,2,2,1,1,0.6289308176100629,100.0
21,Jonas Valanciunas [TOR],55.787476280834916,114.04174573055028,2,2,8,4,5.031446540880503,50.0
22,OG Anunoby [TOR],45.05208333333333,106.51041666666667,2,2,2,1,1.2578616352201257,50.0
23,Fred VanVleet [TOR],41.289198606271775,101.56794425087108,2,2,8,3,5.031446540880503,37.5
24,Pascal Siakam [TOR],55.032822757111596,118.38074398249452,2,2,32,14,20.12578616352201,43.75
25,Serge Ibaka [TOR],52.79429250891795,110.93935790725327,2,2,27,14,16.9811320754717,51.85185185185185
26,Kyle Lowry [TOR],41.25177809388336,103.84068278805121,2,2,18,10,11.320754716981131,55.55555555555556
27,Others [TOR],0.0,0.0,2,2,0,0,0.0,0.0
28,Danny Green [TOR],46.73202614379085,124.83660130718954,2,2,27,14,16.9811320754717,51.85185185185185
29,Kawhi Leonard [TOR],49.9546690843155,109.88213961922031,2,2,27,13,16.9811320754717,48.148148148148145
30,CJ Miles [TOR],35.483870967741936,92.1146953405018,3,3,0,0,0.0,0.0
31,Delon Wright [TOR],43.12977099236641,95.22900763358778,3,3,1,0,0.6289308176100629,0.0
32,Marc Gasol [TOR],44.85981308411215,101.16822429906543,3,3,6,4,3.7735849056603774,66.66666666666666
33,Jeremy Lin [TOR],42.91417165668663,95.80838323353294,3,3,2,0,1.2578616352201257,0.0
34,Norman Powell [TOR],47.8494623655914,111.29032258064515,3,3,2,0,1.2578616352201257,0.0
35,Greg Monroe [TOR],49.09090909090909,98.7878787878788,3,3,0,0,0.0,0.0
36,Jonas Valanciunas [TOR],55.787476280834916,114.04174573055028,3,3,7,2,4.40251572327044,28.57142857142857
37,OG Anunoby [TOR],45.05208333333333,106.51041666666667,3,3,3,2,1.8867924528301887,66.66666666666666
38,Fred VanVleet [TOR],41.289198606271775,101.56794425087108,3,3,11,7,6.918238993710692,63.63636363636363
39,Pascal Siakam [TOR],55.032822757111596,118.38074398249452,3,3,37,18,23.270440251572328,48.64864864864865
40,Serge Ibaka [TOR],52.79429250891795,110.93935790725327,3,3,23,14,14.465408805031446,60.86956521739131
41,Kyle Lowry [TOR],41.25177809388336,103.84068278805121,3,3,15,7,9.433962264150944,46.666666666666664
42,Others [TOR],0.0,0.0,3,3,0,0,0.0,0.0
43,Danny Green [TOR],46.73202614379085,124.83660130718954,3,3,17,10,10.69182389937107,58.82352941176471
44,Kawhi Leonard [TOR],49.9546690843155,109.88213961922031,3,3,35,15,22.0125786163522,42.857142857142854
45,CJ Miles [TOR],35.483870967741936,92.1146953405018,4,4,0,0,0.0,0.0
46,Delon Wright [TOR],43.12977099236641,95.22900763358778,4,4,0,0,0.0,0.0
47,Marc Gasol [TOR],44.85981308411215,101.16822429906543,4,4,10,5,6.5359477124183005,50.0
48,Jeremy Lin [TOR],42.91417165668663,95.80838323353294,4,4,2,0,1.3071895424836601,0.0
49,Norman Powell [TOR],47.8494623655914,111.29032258064515,4,4,0,0,0.0,0.0
50,Greg Monroe [TOR],49.09090909090909,98.7878787878788,4,4,1,1,0.6535947712418301,100.0
51,Jonas Valanciunas [TOR],55.787476280834916,114.04174573055028,4,4,5,2,3.2679738562091503,40.0
52,OG Anunoby [TOR],45.05208333333333,106.51041666666667,4,4,0,0,0.0,0.0
53,Fred VanVleet [TOR],41.289198606271775,101.56794425087108,4,4,8,5,5.228758169934641,62.5
54,Pascal Siakam [TOR],55.032822757111596,118.38074398249452,4,4,25,13,16.33986928104575,52.0
55,Serge Ibaka [TOR],52.79429250891795,110.93935790725327,4,4,24,11,15.686274509803921,45.83333333333333
56,Kyle Lowry [TOR],41.25177809388336,103.84068278805121,4,4,15,5,9.803921568627452,33.33333333333333
57,Others [TOR],0.0,0.0,4,4,0,0,0.0,0.0
58,Danny Green [TOR],46.73202614379085,124.83660130718954,4,4,21,8,13.72549019607843,38.095238095238095
59,Kawhi Leonard [TOR],49.9546690843155,109.88213961922031,4,4,42,26,27.45098039215686,61.904761904761905
60,CJ Miles [TOR],35.483870967741936,92.1146953405018,5,5,0,0,0.0,0.0
61,Delon Wright [TOR],43.12977099236641,95.22900763358778,5,5,0,0,0.0,0.0
62,Marc Gasol [TOR],44.85981308411215,101.16822429906543,5,5,9,6,5.625,66.66666666666666
63,Jeremy Lin [TOR],42.91417165668663,95.80838323353294,5,5,0,0,0.0,0.0
64,Norman Powell [TOR],47.8494623655914,111.29032258064515,5,5,0,0,0.0,0.0
65,Greg Monroe [TOR],49.09090909090909,98.7878787878788,5,5,2,2,1.25,100.0
66,Jonas Valanciunas [TOR],55.787476280834916,114.04174573055028,5,5,7,5,4.375,71.42857142857143
67,OG Anunoby [TOR],45.05208333333333,106.51041666666667,5,5,2,2,1.25,100.0
68,Fred VanVleet [TOR],41.289198606271775,101.56794425087108,5,5,12,8,7.5,66.66666666666666
69,Pascal Siakam [TOR],55.032822757111596,118.38074398249452,5,5,34,20,21.25,58.82352941176471
70,Serge Ibaka [TOR],52.79429250891795,110.93935790725327,5,5,25,15,15.625,60.0
71,Kyle Lowry [TOR],41.25177809388336,103.84068278805121,5,5,25,7,15.625,28.000000000000004
72,Others [TOR],0.0,0.0,5,5,0,0,0.0,0.0
73,Danny Green [TOR],46.73202614379085,124.83660130718954,5,5,20,11,12.5,55.00000000000001
74,Kawhi Leonard [TOR],49.9546690843155,109.88213961922031,5,5,24,10,15.0,41.66666666666667
75,CJ Miles [TOR],35.483870967741936,92.1146953405018,6,6,0,0,0.0,0.0
76,Delon Wright [TOR],43.12977099236641,95.22900763358778,6,6,0,0,0.0,0.0
77,Marc Gasol [TOR],44.85981308411215,101.16822429906543,6,6,6,1,3.8461538461538463,16.666666666666664
78,Jeremy Lin [TOR],42.91417165668663,95.80838323353294,6,6,0,0,0.0,0.0
79,Norman Powell [TOR],47.8494623655914,111.29032258064515,6,6,2,0,1.2820512820512822,0.0
80,Greg Monroe [TOR],49.09090909090909,98.7878787878788,6,6,2,1,1.2820512820512822,50.0
81,Jonas Valanciunas [TOR],55.787476280834916,114.04174573055028,6,6,5,3,3.2051282051282053,60.0
82,OG Anunoby [TOR],45.05208333333333,106.51041666666667,6,6,7,4,4.487179487179487,57.14285714285714
83,Fred VanVleet [TOR],41.289198606271775,101.56794425087108,6,6,6,4,3.8461538461538463,66.66666666666666
84,Pascal Siakam [TOR],55.032822757111596,118.38074398249452,6,6,29,14,18.58974358974359,48.275862068965516
85,Serge Ibaka [TOR],52.79429250891795,110.93935790725327,6,6,29,17,18.58974358974359,58.620689655172406
86,Kyle Lowry [TOR],41.25177809388336,103.84068278805121,6,6,17,8,10.897435897435898,47.05882352941176
87,Others [TOR],0.0,0.0,6,6,0,0,0.0,0.0
88,Danny Green [TOR],46.73202614379085,124.83660130718954,6,6,16,10,10.256410256410257,62.5
89,Kawhi Leonard [TOR],49.9546690843155,109.88213961922031,6,6,37,16,23.71794871794872,43.24324324324324
90,CJ Miles [TOR],35.483870967741936,92.1146953405018,7,7,0,0,0.0,0.0
91,Delon Wright [TOR],43.12977099236641,95.22900763358778,7,7,1,1,0.6666666666666666,100.0
92,Marc Gasol [TOR],44.85981308411215,101.16822429906543,7,7,3,0,2.0,0.0
93,Jeremy Lin [TOR],42.91417165668663,95.80838323353294,7,7,2,0,1.3333333333333333,0.0
94,Norman Powell [TOR],47.8494623655914,111.29032258064515,7,7,2,2,1.3333333333333333,100.0
95,Greg Monroe [TOR],49.09090909090909,98.7878787878788,7,7,0,0,0.0,0.0
96,Jonas Valanciunas [TOR],55.787476280834916,114.04174573055028,7,7,8,6,5.333333333333333,75.0
97,OG Anunoby [TOR],45.05208333333333,106.51041666666667,7,7,0,0,0.0,0.0
98,Fred VanVleet [TOR],41.289198606271775,101.56794425087108,7,7,9,3,6.0,33.33333333333333
99,Pascal Siakam [TOR],55.032822757111596,118.38074398249452,7,7,29,14,19.333333333333332,48.275862068965516
100,Serge Ibaka [TOR],52.79429250891795,110.93935790725327,7,7,21,11,14.0,52.38095238095239
101,Kyle Lowry [TOR],41.25177809388336,103.84068278805121,7,7,20,7,13.333333333333334,35.0
102,Others [TOR],0.0,0.0,7,7,0,0,0.0,0.0
103,Danny Green [TOR],46.73202614379085,124.83660130718954,7,7,30,16,20.0,53.333333333333336
104,Kawhi Leonard [TOR],49.9546690843155,109.88213961922031,7,7,25,11,16.666666666666668,44.0
105,CJ Miles [TOR],35.483870967741936,92.1146953405018,8,8,0,0,0.0,0.0
106,Delon Wright [TOR],43.12977099236641,95.22900763358778,8,8,0,0,0.0,0.0
107,Marc Gasol [TOR],44.85981308411215,101.16822429906543,8,8,5,2,3.3783783783783785,40.0
108,Jeremy Lin [TOR],42.91417165668663,95.80838323353294,8,8,4,0,2.7027027027027026,0.0
109,Norman Powell [TOR],47.8494623655914,111.29032258064515,8,8,1,1,0.6756756756756757,100.0
110,Greg Monroe [TOR],49.09090909090909,98.7878787878788,8,8,2,1,1.3513513513513513,50.0
111,Jonas Valanciunas [TOR],55.787476280834916,114.04174573055028,8,8,1,1,0.6756756756756757,100.0
112,OG Anunoby [TOR],45.05208333333333,106.51041666666667,8,8,5,4,3.3783783783783785,80.0
113,Fred VanVleet [TOR],41.289198606271775,101.56794425087108,8,8,11,5,7.4324324324324325,45.45454545454545
114,Pascal Siakam [TOR],55.032822757111596,118.38074398249452,8,8,26,17,17.56756756756757,65.38461538461539
115,Serge Ibaka [TOR],52.79429250891795,110.93935790725327,8,8,25,13,16.89189189189189,52.0
116,Kyle Lowry [TOR],41.25177809388336,103.84068278805121,8,8,18,8,12.162162162162161,44.44444444444444
117,Others [TOR],0.0,0.0,8,8,0,0,0.0,0.0
118,Danny Green [TOR],46.73202614379085,124.83660130718954,8,8,15,5,10.135135135135135,33.33333333333333
119,Kawhi Leonard [TOR],49.9546690843155,109.88213961922031,8,8,35,17,23.64864864864865,48.57142857142857
120,CJ Miles [TOR],35.483870967741936,92.1146953405018,9,9,0,0,0.0,0.0
121,Delon Wright [TOR],43.12977099236641,95.22900763358778,9,9,5,2,3.3333333333333335,40.0
122,Marc Gasol [TOR],44.85981308411215,101.16822429906543,9,9,1,1,0.6666666666666666,100.0
123,Jeremy Lin [TOR],42.91417165668663,95.80838323353294,9,9,2,0,1.3333333333333333,0.0
124,Norman Powell [TOR],47.8494623655914,111.29032258064515,9,9,10,3,6.666666666666667,30.0
125,Greg Monroe [TOR],49.09090909090909,98.7878787878788,9,9,4,2,2.6666666666666665,50.0
126,Jonas Valanciunas [TOR],55.787476280834916,114.04174573055028,9,9,4,3,2.6666666666666665,75.0
127,OG Anunoby [TOR],45.05208333333333,106.51041666666667,9,9,13,11,8.666666666666666,84.61538461538461
128,Fred VanVleet [TOR],41.289198606271775,101.56794425087108,9,9,9,4,6.0,44.44444444444444
129,Pascal Siakam [TOR],55.032822757111596,118.38074398249452,9,9,18,9,12.0,50.0
130,Serge Ibaka [TOR],52.79429250891795,110.93935790725327,9,9,23,17,15.333333333333334,73.91304347826086
131,Kyle Lowry [TOR],41.25177809388336,103.84068278805121,9,9,16,6,10.666666666666666,37.5
132,Others [TOR],0.0,0.0,9,9,1,0,0.6666666666666666,0.0
133,Danny Green [TOR],46.73202614379085,124.83660130718954,9,9,19,9,12.666666666666666,47.368421052631575
134,Kawhi Leonard [TOR],49.9546690843155,109.88213961922031,9,9,25,13,16.666666666666668,52.0
135,CJ Miles [TOR],35.483870967741936,92.1146953405018,10,10,7,2,5.0359712230215825,28.57142857142857
136,Delon Wright [TOR],43.12977099236641,95.22900763358778,10,10,9,2,6.474820143884892,22.22222222222222
137,Marc Gasol [TOR],44.85981308411215,101.16822429906543,10,10,5,3,3.597122302158273,60.0
138,Jeremy Lin [TOR],42.91417165668663,95.80838323353294,10,10,4,0,2.8776978417266186,0.0
139,Norman Powell [TOR],47.8494623655914,111.29032258064515,10,10,11,3,7.913669064748201,27.27272727272727
140,Greg Monroe [TOR],49.09090909090909,98.7878787878788,10,10,3,1,2.158273381294964,33.33333333333333
141,Jonas Valanciunas [TOR],55.787476280834916,114.04174573055028,10,10,4,3,2.8776978417266186,75.0
142,OG Anunoby [TOR],45.05208333333333,106.51041666666667,10,10,9,3,6.474820143884892,33.33333333333333
143,Fred VanVleet [TOR],41.289198606271775,101.56794425087108,10,10,18,5,12.949640287769784,27.77777777777778
144,Pascal Siakam [TOR],55.032822757111596,118.38074398249452,10,10,17,10,12.23021582733813,58.82352941176471
145,Serge Ibaka [TOR],52.79429250891795,110.93935790725327,10,10,18,10,12.949640287769784,55.55555555555556
146,Kyle Lowry [TOR],41.25177809388336,103.84068278805121,10,10,4,2,2.8776978417266186,50.0
147,Others [TOR],0.0,0.0,10,10,6,1,4.316546762589928,16.666666666666664
148,Danny Green [TOR],46.73202614379085,124.83660130718954,10,10,7,3,5.0359712230215825,42.857142857142854
149,Kawhi Leonard [TOR],49.9546690843155,109.88213961922031,10,10,17,13,12.23021582733813,76.47058823529412
150,CJ Miles [TOR],35.483870967741936,92.1146953405018,11,11,11,5,7.534246575342466,45.45454545454545
151,Delon Wright [TOR],43.12977099236641,95.22900763358778,11,11,10,1,6.8493150684931505,10.0
152,Marc Gasol [TOR],44.85981308411215,101.16822429906543,11,11,1,0,0.684931506849315,0.0
153,Jeremy Lin [TOR],42.91417165668663,95.80838323353294,11,11,8,3,5.47945205479452,37.5
154,Norman Powell [TOR],47.8494623655914,111.29032258064515,11,11,16,8,10.95890410958904,50.0
155,Greg Monroe [TOR],49.09090909090909,98.7878787878788,11,11,6,2,4.109589041095891,33.33333333333333
156,Jonas Valanciunas [TOR],55.787476280834916,114.04174573055028,11,11,10,4,6.8493150684931505,40.0
157,OG Anunoby [TOR],45.05208333333333,106.51041666666667,11,11,14,7,9.58904109589041,50.0
158,Fred VanVleet [TOR],41.289198606271775,101.56794425087108,11,11,16,9,10.95890410958904,56.25
159,Pascal Siakam [TOR],55.032822757111596,118.38074398249452,11,11,13,9,8.904109589041095,69.23076923076923
160,Serge Ibaka [TOR],52.79429250891795,110.93935790725327,11,11,15,5,10.273972602739725,33.33333333333333
161,Kyle Lowry [TOR],41.25177809388336,103.84068278805121,11,11,8,5,5.47945205479452,62.5
162,Others [TOR],0.0,0.0,11,11,3,1,2.0547945205479454,33.33333333333333
163,Danny Green [TOR],46.73202614379085,124.83660130718954,11,11,8,4,5.47945205479452,50.0
164,Kawhi Leonard [TOR],49.9546690843155,109.88213961922031,11,11,7,3,4.794520547945205,42.857142857142854
165,CJ Miles [TOR],35.483870967741936,92.1146953405018,12,12,16,7,8.839779005524862,43.75
166,Delon Wright [TOR],43.12977099236641,95.22900763358778,12,12,13,7,7.18232044198895,53.84615384615385
167,Marc Gasol [TOR],44.85981308411215,101.16822429906543,12,12,2,1,1.1049723756906078,50.0
168,Jeremy Lin [TOR],42.91417165668663,95.80838323353294,12,12,13,6,7.18232044198895,46.15384615384615
169,Norman Powell [TOR],47.8494623655914,111.29032258064515,12,12,22,9,12.154696132596685,40.909090909090914
170,Greg Monroe [TOR],49.09090909090909,98.7878787878788,12,12,10,5,5.524861878453039,50.0
171,Jonas Valanciunas [TOR],55.787476280834916,114.04174573055028,12,12,7,6,3.867403314917127,85.71428571428571
172,OG Anunoby [TOR],45.05208333333333,106.51041666666667,12,12,14,3,7.734806629834254,21.428571428571427
173,Fred VanVleet [TOR],41.289198606271775,101.56794425087108,12,12,33,11,18.23204419889503,33.33333333333333
174,Pascal Siakam [TOR],55.032822757111596,118.38074398249452,12,12,12,7,6.629834254143646,58.333333333333336
175,Serge Ibaka [TOR],52.79429250891795,110.93935790725327,12,12,23,11,12.707182320441989,47.82608695652174
176,Kyle Lowry [TOR],41.25177809388336,103.84068278805121,12,12,4,2,2.2099447513812156,50.0
177,Others [TOR],0.0,0.0,12,12,8,4,4.419889502762431,50.0
178,Danny Green [TOR],46.73202614379085,124.83660130718954,12,12,3,1,1.6574585635359116,33.33333333333333
179,Kawhi Leonard [TOR],49.9546690843155,109.88213961922031,12,12,1,0,0.5524861878453039,0.0
180,CJ Miles [TOR],35.483870967741936,92.1146953405018,13,13,9,4,6.569343065693431,44.44444444444444
181,Delon Wright [TOR],43.12977099236641,95.22900763358778,13,13,13,4,9.489051094890511,30.76923076923077
182,Marc Gasol [TOR],44.85981308411215,101.16822429906543,13,13,5,1,3.6496350364963503,20.0
183,Jeremy Lin [TOR],42.91417165668663,95.80838323353294,13,13,4,2,2.9197080291970803,50.0
184,Norman Powell [TOR],47.8494623655914,111.29032258064515,13,13,19,8,13.86861313868613,42.10526315789473
185,Greg Monroe [TOR],49.09090909090909,98.7878787878788,13,13,10,6,7.299270072992701,60.0
186,Jonas Valanciunas [TOR],55.787476280834916,114.04174573055028,13,13,6,5,4.37956204379562,83.33333333333334
187,OG Anunoby [TOR],45.05208333333333,106.51041666666667,13,13,21,9,15.328467153284672,42.857142857142854
188,Fred VanVleet [TOR],41.289198606271775,101.56794425087108,13,13,11,5,8.02919708029197,45.45454545454545
189,Pascal Siakam [TOR],55.032822757111596,118.38074398249452,13,13,10,4,7.299270072992701,40.0
190,Serge Ibaka [TOR],52.79429250891795,110.93935790725327,13,13,12,7,8.75912408759124,58.333333333333336
191,Kyle Lowry [TOR],41.25177809388336,103.84068278805121,13,13,4,2,2.9197080291970803,50.0
192,Others [TOR],0.0,0.0,13,13,7,4,5.109489051094891,57.14285714285714
193,Danny Green [TOR],46.73202614379085,124.83660130718954,13,13,3,0,2.18978102189781,0.0
194,Kawhi Leonard [TOR],49.9546690843155,109.88213961922031,13,13,3,1,2.18978102189781,33.33333333333333
195,CJ Miles [TOR],35.483870967741936,92.1146953405018,14,14,14,6,9.210526315789474,42.857142857142854
196,Delon Wright [TOR],43.12977099236641,95.22900763358778,14,14,17,6,11.18421052631579,35.294117647058826
197,Marc Gasol [TOR],44.85981308411215,101.16822429906543,14,14,4,3,2.6315789473684212,75.0
198,Jeremy Lin [TOR],42.91417165668663,95.80838323353294,14,14,3,1,1.9736842105263157,33.33333333333333
199,Norman Powell [TOR],47.8494623655914,111.29032258064515,14,14,23,10,15.131578947368421,43.47826086956522
200,Greg Monroe [TOR],49.09090909090909,98.7878787878788,14,14,7,5,4.605263157894737,71.42857142857143
201,Jonas Valanciunas [TOR],55.787476280834916,114.04174573055028,14,14,8,4,5.2631578947368425,50.0
202,OG Anunoby [TOR],45.05208333333333,106.51041666666667,14,14,24,12,15.789473684210526,50.0
203,Fred VanVleet [TOR],41.289198606271775,101.56794425087108,14,14,9,2,5.921052631578948,22.22222222222222
204,Pascal Siakam [TOR],55.032822757111596,118.38074398249452,14,14,9,5,5.921052631578948,55.55555555555556
205,Serge Ibaka [TOR],52.79429250891795,110.93935790725327,14,14,13,5,8.552631578947368,38.46153846153847
206,Kyle Lowry [TOR],41.25177809388336,103.84068278805121,14,14,7,1,4.605263157894737,14.285714285714285
207,Others [TOR],0.0,0.0,14,14,7,2,4.605263157894737,28.57142857142857
208,Danny Green [TOR],46.73202614379085,124.83660130718954,14,14,3,2,1.9736842105263157,66.66666666666666
209,Kawhi Leonard [TOR],49.9546690843155,109.88213961922031,14,14,4,3,2.6315789473684212,75.0
210,CJ Miles [TOR],35.483870967741936,92.1146953405018,15,15,10,2,6.993006993006993,20.0
211,Delon Wright [TOR],43.12977099236641,95.22900763358778,15,15,15,6,10.48951048951049,40.0
212,Marc Gasol [TOR],44.85981308411215,101.16822429906543,15,15,2,2,1.3986013986013985,100.0
213,Jeremy Lin [TOR],42.91417165668663,95.80838323353294,15,15,4,1,2.797202797202797,25.0
214,Norman Powell [TOR],47.8494623655914,111.29032258064515,15,15,22,8,15.384615384615385,36.36363636363637
215,Greg Monroe [TOR],49.09090909090909,98.7878787878788,15,15,3,1,2.097902097902098,33.33333333333333
216,Jonas Valanciunas [TOR],55.787476280834916,114.04174573055028,15,15,10,7,6.993006993006993,70.0
217,OG Anunoby [TOR],45.05208333333333,106.51041666666667,15,15,14,6,9.79020979020979,42.857142857142854
218,Fred VanVleet [TOR],41.289198606271775,101.56794425087108,15,15,16,3,11.188811188811188,18.75
219,Pascal Siakam [TOR],55.032822757111596,118.38074398249452,15,15,10,5,6.993006993006993,50.0
220,Serge Ibaka [TOR],52.79429250891795,110.93935790725327,15,15,9,0,6.293706293706293,0.0
221,Kyle Lowry [TOR],41.25177809388336,103.84068278805121,15,15,7,2,4.895104895104895,28.57142857142857
222,Others [TOR],0.0,0.0,15,15,13,5,9.090909090909092,38.46153846153847
223,Danny Green [TOR],46.73202614379085,124.83660130718954,15,15,6,3,4.195804195804196,50.0
224,Kawhi Leonard [TOR],49.9546690843155,109.88213961922031,15,15,2,2,1.3986013986013985,100.0
225,CJ Miles [TOR],35.483870967741936,92.1146953405018,16,16,15,4,8.982035928143713,26.666666666666668
226,Delon Wright [TOR],43.12977099236641,95.22900763358778,16,16,18,7,10.778443113772456,38.88888888888889
227,Marc Gasol [TOR],44.85981308411215,101.16822429906543,16,16,4,2,2.395209580838323,50.0
228,Jeremy Lin [TOR],42.91417165668663,95.80838323353294,16,16,2,2,1.1976047904191616,100.0
229,Norman Powell [TOR],47.8494623655914,111.29032258064515,16,16,19,12,11.377245508982035,63.1578947368421
230,Greg Monroe [TOR],49.09090909090909,98.7878787878788,16,16,11,3,6.586826347305389,27.27272727272727
231,Jonas Valanciunas [TOR],55.787476280834916,114.04174573055028,16,16,10,7,5.9880239520958085,70.0
232,OG Anunoby [TOR],45.05208333333333,106.51041666666667,16,16,18,10,10.778443113772456,55.55555555555556
233,Fred VanVleet [TOR],41.289198606271775,101.56794425087108,16,16,15,9,8.982035928143713,60.0
234,Pascal Siakam [TOR],55.032822757111596,118.38074398249452,16,16,8,5,4.790419161676646,62.5
235,Serge Ibaka [TOR],52.79429250891795,110.93935790725327,16,16,14,7,8.383233532934131,50.0
236,Kyle Lowry [TOR],41.25177809388336,103.84068278805121,16,16,10,2,5.9880239520958085,20.0
237,Others [TOR],0.0,0.0,16,16,9,4,5.389221556886228,44.44444444444444
238,Danny Green [TOR],46.73202614379085,124.83660130718954,16,16,7,1,4.191616766467066,14.285714285714285
239,Kawhi Leonard [TOR],49.9546690843155,109.88213961922031,16,16,7,4,4.191616766467066,57.14285714285714
240,CJ Miles [TOR],35.483870967741936,92.1146953405018,17,17,8,4,5.228758169934641,50.0
241,Delon Wright [TOR],43.12977099236641,95.22900763358778,17,17,15,8,9.803921568627452,53.333333333333336
242,Marc Gasol [TOR],44.85981308411215,101.16822429906543,17,17,9,5,5.882352941176471,55.55555555555556
243,Jeremy Lin [TOR],42.91417165668663,95.80838323353294,17,17,1,0,0.6535947712418301,0.0
244,Norman Powell [TOR],47.8494623655914,111.29032258064515,17,17,6,3,3.9215686274509802,50.0
245,Greg Monroe [TOR],49.09090909090909,98.7878787878788,17,17,5,3,3.2679738562091503,60.0
246,Jonas Valanciunas [TOR],55.787476280834916,114.04174573055028,17,17,14,6,9.15032679738562,42.857142857142854
247,OG Anunoby [TOR],45.05208333333333,106.51041666666667,17,17,12,6,7.8431372549019605,50.0
248,Fred VanVleet [TOR],41.289198606271775,101.56794425087108,17,17,13,7,8.49673202614379,53.84615384615385
249,Pascal Siakam [TOR],55.032822757111596,118.38074398249452,17,17,12,5,7.8431372549019605,41.66666666666667
250,Serge Ibaka [TOR],52.79429250891795,110.93935790725327,17,17,9,2,5.882352941176471,22.22222222222222
251,Kyle Lowry [TOR],41.25177809388336,103.84068278805121,17,17,20,8,13.071895424836601,40.0
252,Others [TOR],0.0,0.0,17,17,5,3,3.2679738562091503,60.0
253,Danny Green [TOR],46.73202614379085,124.83660130718954,17,17,9,4,5.882352941176471,44.44444444444444
254,Kawhi Leonard [TOR],49.9546690843155,109.88213961922031,17,17,15,8,9.803921568627452,53.333333333333336
255,CJ Miles [TOR],35.483870967741936,92.1146953405018,18,18,7,4,4.697986577181208,57.14285714285714
256,Delon Wright [TOR],43.12977099236641,95.22900763358778,18,18,7,4,4.697986577181208,57.14285714285714
257,Marc Gasol [TOR],44.85981308411215,101.16822429906543,18,18,7,2,4.697986577181208,28.57142857142857
258,Jeremy Lin [TOR],42.91417165668663,95.80838323353294,18,18,1,0,0.6711409395973155,0.0
259,Norman Powell [TOR],47.8494623655914,111.29032258064515,18,18,1,1,0.6711409395973155,100.0
260,Greg Monroe [TOR],49.09090909090909,98.7878787878788,18,18,4,3,2.684563758389262,75.0
261,Jonas Valanciunas [TOR],55.787476280834916,114.04174573055028,18,18,8,3,5.369127516778524,37.5
262,OG Anunoby [TOR],45.05208333333333,106.51041666666667,18,18,9,4,6.040268456375839,44.44444444444444
263,Fred VanVleet [TOR],41.289198606271775,101.56794425087108,18,18,9,4,6.040268456375839,44.44444444444444
264,Pascal Siakam [TOR],55.032822757111596,118.38074398249452,18,18,19,13,12.751677852348994,68.42105263157895
265,Serge Ibaka [TOR],52.79429250891795,110.93935790725327,18,18,13,8,8.724832214765101,61.53846153846154
266,Kyle Lowry [TOR],41.25177809388336,103.84068278805121,18,18,24,10,16.107382550335572,41.66666666666667
267,Others [TOR],0.0,0.0,18,18,8,5,5.369127516778524,62.5
268,Danny Green [TOR],46.73202614379085,124.83660130718954,18,18,5,3,3.3557046979865772,60.0
269,Kawhi Leonard [TOR],49.9546690843155,109.88213961922031,18,18,27,13,18.120805369127517,48.148148148148145
270,CJ Miles [TOR],35.483870967741936,92.1146953405018,19,19,2,1,1.2903225806451613,50.0
271,Delon Wright [TOR],43.12977099236641,95.22900763358778,19,19,9,2,5.806451612903226,22.22222222222222
272,Marc Gasol [TOR],44.85981308411215,101.16822429906543,19,19,2,1,1.2903225806451613,50.0
273,Jeremy Lin [TOR],42.91417165668663,95.80838323353294,19,19,2,2,1.2903225806451613,100.0
274,Norman Powell [TOR],47.8494623655914,111.29032258064515,19,19,5,3,3.225806451612903,60.0
275,Greg Monroe [TOR],49.09090909090909,98.7878787878788,19,19,1,0,0.6451612903225806,0.0
276,Jonas Valanciunas [TOR],55.787476280834916,114.04174573055028,19,19,6,5,3.870967741935484,83.33333333333334
277,OG Anunoby [TOR],45.05208333333333,106.51041666666667,19,19,6,1,3.870967741935484,16.666666666666664
278,Fred VanVleet [TOR],41.289198606271775,101.56794425087108,19,19,7,1,4.516129032258065,14.285714285714285
279,Pascal Siakam [TOR],55.032822757111596,118.38074398249452,19,19,19,14,12.258064516129032,73.68421052631578
280,Serge Ibaka [TOR],52.79429250891795,110.93935790725327,19,19,27,14,17.419354838709676,51.85185185185185
281,Kyle Lowry [TOR],41.25177809388336,103.84068278805121,19,19,21,8,13.548387096774194,38.095238095238095
282,Others [TOR],0.0,0.0,19,19,4,3,2.5806451612903225,75.0
283,Danny Green [TOR],46.73202614379085,124.83660130718954,19,19,8,5,5.161290322580645,62.5
284,Kawhi Leonard [TOR],49.9546690843155,109.88213961922031,19,19,36,16,23.225806451612904,44.44444444444444
285,CJ Miles [TOR],35.483870967741936,92.1146953405018,20,20,1,0,0.6578947368421053,0.0
286,Delon Wright [TOR],43.12977099236641,95.22900763358778,20,20,2,0,1.3157894736842106,0.0
287,Marc Gasol [TOR],44.85981308411215,101.16822429906543,20,20,4,2,2.6315789473684212,50.0
288,Jeremy Lin [TOR],42.91417165668663,95.80838323353294,20,20,0,0,0.0,0.0
289,Norman Powell [TOR],47.8494623655914,111.29032258064515,20,20,6,4,3.9473684210526314,66.66666666666666
290,Greg Monroe [TOR],49.09090909090909,98.7878787878788,20,20,0,0,0.0,0.0
291,Jonas Valanciunas [TOR],55.787476280834916,114.04174573055028,20,20,4,2,2.6315789473684212,50.0
292,OG Anunoby [TOR],45.05208333333333,106.51041666666667,20,20,7,6,4.605263157894737,85.71428571428571
293,Fred VanVleet [TOR],41.289198606271775,101.56794425087108,20,20,10,2,6.578947368421052,20.0
294,Pascal Siakam [TOR],55.032822757111596,118.38074398249452,20,20,22,15,14.473684210526315,68.18181818181817
295,Serge Ibaka [TOR],52.79429250891795,110.93935790725327,20,20,19,13,12.5,68.42105263157895
296,Kyle Lowry [TOR],41.25177809388336,103.84068278805121,20,20,18,8,11.842105263157896,44.44444444444444
297,Others [TOR],0.0,0.0,20,20,7,2,4.605263157894737,28.57142857142857
298,Danny Green [TOR],46.73202614379085,124.83660130718954,20,20,25,8,16.44736842105263,32.0
299,Kawhi Leonard [TOR],49.9546690843155,109.88213961922031,20,20,27,17,17.763157894736842,62.96296296296296
300,CJ Miles [TOR],35.483870967741936,92.1146953405018,21,21,2,0,1.2738853503184713,0.0
301,Delon Wright [TOR],43.12977099236641,95.22900763358778,21,21,4,1,2.5477707006369426,25.0
302,Marc Gasol [TOR],44.85981308411215,101.16822429906543,21,21,4,2,2.5477707006369426,50.0
303,Jeremy Lin [TOR],42.91417165668663,95.80838323353294,21,21,0,0,0.0,0.0
304,Norman Powell [TOR],47.8494623655914,111.29032258064515,21,21,5,3,3.1847133757961785,60.0
305,Greg Monroe [TOR],49.09090909090909,98.7878787878788,21,21,0,0,0.0,0.0
306,Jonas Valanciunas [TOR],55.787476280834916,114.04174573055028,21,21,4,3,2.5477707006369426,75.0
307,OG Anunoby [TOR],45.05208333333333,106.51041666666667,21,21,5,4,3.1847133757961785,80.0
308,Fred VanVleet [TOR],41.289198606271775,101.56794425087108,21,21,15,4,9.554140127388536,26.666666666666668
309,Pascal Siakam [TOR],55.032822757111596,118.38074398249452,21,21,21,14,13.375796178343949,66.66666666666666
310,Serge Ibaka [TOR],52.79429250891795,110.93935790725327,21,21,25,8,15.92356687898089,32.0
311,Kyle Lowry [TOR],41.25177809388336,103.84068278805121,21,21,15,6,9.554140127388536,40.0
312,Others [TOR],0.0,0.0,21,21,5,5,3.1847133757961785,100.0
313,Danny Green [TOR],46.73202614379085,124.83660130718954,21,21,17,6,10.828025477707007,35.294117647058826
314,Kawhi Leonard [TOR],49.9546690843155,109.88213961922031,21,21,35,16,22.29299363057325,45.714285714285715
315,CJ Miles [TOR],35.483870967741936,92.1146953405018,22,22,0,0,0.0,0.0
316,Delon Wright [TOR],43.12977099236641,95.22900763358778,22,22,1,1,0.6622516556291391,100.0
317,Marc Gasol [TOR],44.85981308411215,101.16822429906543,22,22,5,3,3.3112582781456954,60.0
318,Jeremy Lin [TOR],42.91417165668663,95.80838323353294,22,22,1,0,0.6622516556291391,0.0
319,Norman Powell [TOR],47.8494623655914,111.29032258064515,22,22,6,5,3.9735099337748343,83.33333333333334
320,Greg Monroe [TOR],49.09090909090909,98.7878787878788,22,22,1,1,0.6622516556291391,100.0
321,Jonas Valanciunas [TOR],55.787476280834916,114.04174573055028,22,22,2,2,1.3245033112582782,100.0
322,OG Anunoby [TOR],45.05208333333333,106.51041666666667,22,22,4,2,2.6490066225165565,50.0
323,Fred VanVleet [TOR],41.289198606271775,101.56794425087108,22,22,13,5,8.609271523178808,38.46153846153847
324,Pascal Siakam [TOR],55.032822757111596,118.38074398249452,22,22,26,16,17.218543046357617,61.53846153846154
325,Serge Ibaka [TOR],52.79429250891795,110.93935790725327,22,22,24,13,15.894039735099337,54.166666666666664
326,Kyle Lowry [TOR],41.25177809388336,103.84068278805121,22,22,17,8,11.258278145695364,47.05882352941176
327,Others [TOR],0.0,0.0,22,22,3,3,1.9867549668874172,100.0
328,Danny Green [TOR],46.73202614379085,124.83660130718954,22,22,17,11,11.258278145695364,64.70588235294117
329,Kawhi Leonard [TOR],49.9546690843155,109.88213961922031,22,22,31,17,20.52980132450331,54.83870967741935
330,CJ Miles [TOR],35.483870967741936,92.1146953405018,23,23,0,0,0.0,0.0
331,Delon Wright [TOR],43.12977099236641,95.22900763358778,23,23,0,0,0.0,0.0
332,Marc Gasol [TOR],44.85981308411215,101.16822429906543,23,23,4,2,2.6143790849673203,50.0
333,Jeremy Lin [TOR],42.91417165668663,95.80838323353294,23,23,2,0,1.3071895424836601,0.0
334,Norman Powell [TOR],47.8494623655914,111.29032258064515,23,23,2,2,1.3071895424836601,100.0
335,Greg Monroe [TOR],49.09090909090909,98.7878787878788,23,23,1,0,0.6535947712418301,0.0
336,Jonas Valanciunas [TOR],55.787476280834916,114.04174573055028,23,23,5,3,3.2679738562091503,60.0
337,OG Anunoby [TOR],45.05208333333333,106.51041666666667,23,23,5,2,3.2679738562091503,40.0
338,Fred VanVleet [TOR],41.289198606271775,101.56794425087108,23,23,12,6,7.8431372549019605,50.0
339,Pascal Siakam [TOR],55.032822757111596,118.38074398249452,23,23,28,11,18.30065359477124,39.285714285714285
340,Serge Ibaka [TOR],52.79429250891795,110.93935790725327,23,23,19,11,12.418300653594772,57.89473684210527
341,Kyle Lowry [TOR],41.25177809388336,103.84068278805121,23,23,12,8,7.8431372549019605,66.66666666666666
342,Others [TOR],0.0,0.0,23,23,5,2,3.2679738562091503,40.0
343,Danny Green [TOR],46.73202614379085,124.83660130718954,23,23,18,5,11.764705882352942,27.77777777777778
344,Kawhi Leonard [TOR],49.9546690843155,109.88213961922031,23,23,40,27,26.143790849673202,67.5
345,CJ Miles [TOR],35.483870967741936,92.1146953405018,24,24,0,0,0.0,0.0
346,Delon Wright [TOR],43.12977099236641,95.22900763358778,24,24,6,2,3.3707865168539324,33.33333333333333
347,Marc Gasol [TOR],44.85981308411215,101.16822429906543,24,24,8,2,4.49438202247191,25.0
348,Jeremy Lin [TOR],42.91417165668663,95.80838323353294,24,24,1,0,0.5617977528089888,0.0
349,Norman Powell [TOR],47.8494623655914,111.29032258064515,24,24,5,2,2.808988764044944,40.0
350,Greg Monroe [TOR],49.09090909090909,98.7878787878788,24,24,1,1,0.5617977528089888,100.0
351,Jonas Valanciunas [TOR],55.787476280834916,114.04174573055028,24,24,4,3,2.247191011235955,75.0
352,OG Anunoby [TOR],45.05208333333333,106.51041666666667,24,24,4,4,2.247191011235955,100.0
353,Fred VanVleet [TOR],41.289198606271775,101.56794425087108,24,24,18,8,10.112359550561798,44.44444444444444
354,Pascal Siakam [TOR],55.032822757111596,118.38074398249452,24,24,20,8,11.235955056179776,40.0
355,Serge Ibaka [TOR],52.79429250891795,110.93935790725327,24,24,21,13,11.797752808988765,61.904761904761905
356,Kyle Lowry [TOR],41.25177809388336,103.84068278805121,24,24,29,10,16.292134831460675,34.48275862068966
357,Others [TOR],0.0,0.0,24,24,5,1,2.808988764044944,20.0
358,Danny Green [TOR],46.73202614379085,124.83660130718954,24,24,15,7,8.426966292134832,46.666666666666664
359,Kawhi Leonard [TOR],49.9546690843155,109.88213961922031,24,24,41,16,23.03370786516854,39.02439024390244
360,CJ Miles [TOR],35.483870967741936,92.1146953405018,25,25,2,2,1.7094017094017093,100.0
361,Delon Wright [TOR],43.12977099236641,95.22900763358778,25,25,0,0,0.0,0.0
362,Marc Gasol [TOR],44.85981308411215,101.16822429906543,25,25,6,4,5.128205128205129,66.66666666666666
363,Jeremy Lin [TOR],42.91417165668663,95.80838323353294,25,25,2,1,1.7094017094017093,50.0
364,Norman Powell [TOR],47.8494623655914,111.29032258064515,25,25,0,0,0.0,0.0
365,Greg Monroe [TOR],49.09090909090909,98.7878787878788,25,25,1,0,0.8547008547008547,0.0
366,Jonas Valanciunas [TOR],55.787476280834916,114.04174573055028,25,25,1,1,0.8547008547008547,100.0
367,OG Anunoby [TOR],45.05208333333333,106.51041666666667,25,25,1,0,0.8547008547008547,0.0
368,Fred VanVleet [TOR],41.289198606271775,101.56794425087108,25,25,3,1,2.5641025641025643,33.33333333333333
369,Pascal Siakam [TOR],55.032822757111596,118.38074398249452,25,25,27,16,23.076923076923077,59.25925925925925
370,Serge Ibaka [TOR],52.79429250891795,110.93935790725327,25,25,17,6,14.52991452991453,35.294117647058826
371,Kyle Lowry [TOR],41.25177809388336,103.84068278805121,25,25,12,6,10.256410256410257,50.0
372,Others [TOR],0.0,0.0,25,25,0,0,0.0,0.0
373,Danny Green [TOR],46.73202614379085,124.83660130718954,25,25,27,14,23.076923076923077,51.85185185185185
374,Kawhi Leonard [TOR],49.9546690843155,109.88213961922031,25,25,18,7,15.384615384615385,38.88888888888889
375,CJ Miles [TOR],35.483870967741936,92.1146953405018,26,26,0,0,0.0,0.0
376,Delon Wright [TOR],43.12977099236641,95.22900763358778,26,26,0,0,0.0,0.0
377,Marc Gasol [TOR],44.85981308411215,101.16822429906543,26,26,3,2,1.948051948051948,66.66666666666666
378,Jeremy Lin [TOR],42.91417165668663,95.80838323353294,26,26,0,0,0.0,0.0
379,Norman Powell [TOR],47.8494623655914,111.29032258064515,26,26,1,1,0.6493506493506493,100.0
380,Greg Monroe [TOR],49.09090909090909,98.7878787878788,26,26,1,1,0.6493506493506493,100.0
381,Jonas Valanciunas [TOR],55.787476280834916,114.04174573055028,26,26,4,3,2.5974025974025974,75.0
382,OG Anunoby [TOR],45.05208333333333,106.51041666666667,26,26,2,1,1.2987012987012987,50.0
383,Fred VanVleet [TOR],41.289198606271775,101.56794425087108,26,26,11,5,7.142857142857143,45.45454545454545
384,Pascal Siakam [TOR],55.032822757111596,118.38074398249452,26,26,30,22,19.48051948051948,73.33333333333333
385,Serge Ibaka [TOR],52.79429250891795,110.93935790725327,26,26,27,14,17.532467532467532,51.85185185185185
386,Kyle Lowry [TOR],41.25177809388336,103.84068278805121,26,26,14,8,9.090909090909092,57.14285714285714
387,Others [TOR],0.0,0.0,26,26,0,0,0.0,0.0
388,Danny Green [TOR],46.73202614379085,124.83660130718954,26,26,23,7,14.935064935064934,30.434782608695656
389,Kawhi Leonard [TOR],49.9546690843155,109.88213961922031,26,26,38,21,24.675324675324674,55.26315789473685
390,CJ Miles [TOR],35.483870967741936,92.1146953405018,27,27,0,0,0.0,0.0
391,Delon Wright [TOR],43.12977099236641,95.22900763358778,27,27,1,1,0.6896551724137931,100.0
392,Marc Gasol [TOR],44.85981308411215,101.16822429906543,27,27,4,2,2.7586206896551726,50.0
393,Jeremy Lin [TOR],42.91417165668663,95.80838323353294,27,27,0,0,0.0,0.0
394,Norman Powell [TOR],47.8494623655914,111.29032258064515,27,27,0,0,0.0,0.0
395,Greg Monroe [TOR],49.09090909090909,98.7878787878788,27,27,1,0,0.6896551724137931,0.0
396,Jonas Valanciunas [TOR],55.787476280834916,114.04174573055028,27,27,4,2,2.7586206896551726,50.0
397,OG Anunoby [TOR],45.05208333333333,106.51041666666667,27,27,2,2,1.3793103448275863,100.0
398,Fred VanVleet [TOR],41.289198606271775,101.56794425087108,27,27,8,1,5.517241379310345,12.5
399,Pascal Siakam [TOR],55.032822757111596,118.38074398249452,27,27,32,17,22.06896551724138,53.125
400,Serge Ibaka [TOR],52.79429250891795,110.93935790725327,27,27,24,14,16.551724137931036,58.333333333333336
401,Kyle Lowry [TOR],41.25177809388336,103.84068278805121,27,27,19,11,13.10344827586207,57.89473684210527
402,Others [TOR],0.0,0.0,27,27,0,0,0.0,0.0
403,Danny Green [TOR],46.73202614379085,124.83660130718954,27,27,27,15,18.620689655172413,55.55555555555556
404,Kawhi Leonard [TOR],49.9546690843155,109.88213961922031,27,27,23,13,15.862068965517242,56.52173913043478
405,CJ Miles [TOR],35.483870967741936,92.1146953405018,28,28,1,1,0.6666666666666666,100.0
406,Delon Wright [TOR],43.12977099236641,95.22900763358778,28,28,0,0,0.0,0.0
407,Marc Gasol [TOR],44.85981308411215,101.16822429906543,28,28,5,2,3.3333333333333335,40.0
408,Jeremy Lin [TOR],42.91417165668663,95.80838323353294,28,28,1,0,0.6666666666666666,0.0
409,Norman Powell [TOR],47.8494623655914,111.29032258064515,28,28,1,0,0.6666666666666666,0.0
410,Greg Monroe [TOR],49.09090909090909,98.7878787878788,28,28,0,0,0.0,0.0
411,Jonas Valanciunas [TOR],55.787476280834916,114.04174573055028,28,28,4,2,2.6666666666666665,50.0
412,OG Anunoby [TOR],45.05208333333333,106.51041666666667,28,28,2,0,1.3333333333333333,0.0
413,Fred VanVleet [TOR],41.289198606271775,101.56794425087108,28,28,5,3,3.3333333333333335,60.0
414,Pascal Siakam [TOR],55.032822757111596,118.38074398249452,28,28,31,17,20.666666666666668,54.83870967741935
415,Serge Ibaka [TOR],52.79429250891795,110.93935790725327,28,28,23,13,15.333333333333334,56.52173913043478
416,Kyle Lowry [TOR],41.25177809388336,103.84068278805121,28,28,19,10,12.666666666666666,52.63157894736842
417,Others [TOR],0.0,0.0,28,28,1,1,0.6666666666666666,100.0
418,Danny Green [TOR],46.73202614379085,124.83660130718954,28,28,19,8,12.666666666666666,42.10526315789473
419,Kawhi Leonard [TOR],49.9546690843155,109.88213961922031,28,28,38,21,25.333333333333332,55.26315789473685
420,CJ Miles [TOR],35.483870967741936,92.1146953405018,29,29,1,0,0.6802721088435374,0.0
421,Delon Wright [TOR],43.12977099236641,95.22900763358778,29,29,0,0,0.0,0.0
422,Marc Gasol [TOR],44.85981308411215,101.16822429906543,29,29,7,4,4.761904761904762,57.14285714285714
423,Jeremy Lin [TOR],42.91417165668663,95.80838323353294,29,29,1,0,0.6802721088435374,0.0
424,Norman Powell [TOR],47.8494623655914,111.29032258064515,29,29,0,0,0.0,0.0
425,Greg Monroe [TOR],49.09090909090909,98.7878787878788,29,29,0,0,0.0,0.0
426,Jonas Valanciunas [TOR],55.787476280834916,114.04174573055028,29,29,4,3,2.7210884353741496,75.0
427,OG Anunoby [TOR],45.05208333333333,106.51041666666667,29,29,1,1,0.6802721088435374,100.0
428,Fred VanVleet [TOR],41.289198606271775,101.56794425087108,29,29,6,1,4.081632653061225,16.666666666666664
429,Pascal Siakam [TOR],55.032822757111596,118.38074398249452,29,29,29,14,19.727891156462587,48.275862068965516
430,Serge Ibaka [TOR],52.79429250891795,110.93935790725327,29,29,21,16,14.285714285714286,76.19047619047619
431,Kyle Lowry [TOR],41.25177809388336,103.84068278805121,29,29,18,7,12.244897959183673,38.88888888888889
432,Others [TOR],0.0,0.0,29,29,0,0,0.0,0.0
433,Danny Green [TOR],46.73202614379085,124.83660130718954,29,29,29,16,19.727891156462587,55.172413793103445
434,Kawhi Leonard [TOR],49.9546690843155,109.88213961922031,29,29,30,14,20.408163265306122,46.666666666666664
435,CJ Miles [TOR],35.483870967741936,92.1146953405018,30,30,0,0,0.0,0.0
436,Delon Wright [TOR],43.12977099236641,95.22900763358778,30,30,0,0,0.0,0.0
437,Marc Gasol [TOR],44.85981308411215,101.16822429906543,30,30,5,2,3.5714285714285716,40.0
438,Jeremy Lin [TOR],42.91417165668663,95.80838323353294,30,30,1,1,0.7142857142857143,100.0
439,Norman Powell [TOR],47.8494623655914,111.29032258064515,30,30,0,0,0.0,0.0
440,Greg Monroe [TOR],49.09090909090909,98.7878787878788,30,30,0,0,0.0,0.0
441,Jonas Valanciunas [TOR],55.787476280834916,114.04174573055028,30,30,5,3,3.5714285714285716,60.0
442,OG Anunoby [TOR],45.05208333333333,106.51041666666667,30,30,0,0,0.0,0.0
443,Fred VanVleet [TOR],41.289198606271775,101.56794425087108,30,30,13,6,9.285714285714286,46.15384615384615
444,Pascal Siakam [TOR],55.032822757111596,118.38074398249452,30,30,26,13,18.571428571428573,50.0
445,Serge Ibaka [TOR],52.79429250891795,110.93935790725327,30,30,23,14,16.428571428571427,60.86956521739131
446,Kyle Lowry [TOR],41.25177809388336,103.84068278805121,30,30,19,10,13.571428571428571,52.63157894736842
447,Others [TOR],0.0,0.0,30,30,0,0,0.0,0.0
448,Danny Green [TOR],46.73202614379085,124.83660130718954,30,30,14,8,10.0,57.14285714285714
449,Kawhi Leonard [TOR],49.9546690843155,109.88213961922031,30,30,34,18,24.285714285714285,52.94117647058824
450,CJ Miles [TOR],35.483870967741936,92.1146953405018,31,31,0,0,0.0,0.0
451,Delon Wright [TOR],43.12977099236641,95.22900763358778,31,31,2,1,1.4598540145985401,50.0
452,Marc Gasol [TOR],44.85981308411215,101.16822429906543,31,31,3,1,2.18978102189781,33.33333333333333
453,Jeremy Lin [TOR],42.91417165668663,95.80838323353294,31,31,1,0,0.7299270072992701,0.0
454,Norman Powell [TOR],47.8494623655914,111.29032258064515,31,31,2,2,1.4598540145985401,100.0
455,Greg Monroe [TOR],49.09090909090909,98.7878787878788,31,31,0,0,0.0,0.0
456,Jonas Valanciunas [TOR],55.787476280834916,114.04174573055028,31,31,2,1,1.4598540145985401,50.0
457,OG Anunoby [TOR],45.05208333333333,106.51041666666667,31,31,5,2,3.6496350364963503,40.0
458,Fred VanVleet [TOR],41.289198606271775,101.56794425087108,31,31,11,7,8.02919708029197,63.63636363636363
459,Pascal Siakam [TOR],55.032822757111596,118.38074398249452,31,31,30,16,21.8978102189781,53.333333333333336
460,Serge Ibaka [TOR],52.79429250891795,110.93935790725327,31,31,24,11,17.51824817518248,45.83333333333333
461,Kyle Lowry [TOR],41.25177809388336,103.84068278805121,31,31,20,9,14.598540145985401,45.0
462,Others [TOR],0.0,0.0,31,31,0,0,0.0,0.0
463,Danny Green [TOR],46.73202614379085,124.83660130718954,31,31,10,6,7.299270072992701,60.0
464,Kawhi Leonard [TOR],49.9546690843155,109.88213961922031,31,31,27,16,19.708029197080293,59.25925925925925
465,CJ Miles [TOR],35.483870967741936,92.1146953405018,32,32,2,0,1.36986301369863,0.0
466,Delon Wright [TOR],43.12977099236641,95.22900763358778,32,32,1,0,0.684931506849315,0.0
467,Marc Gasol [TOR],44.85981308411215,101.16822429906543,32,32,5,3,3.4246575342465753,60.0
468,Jeremy Lin [TOR],42.91417165668663,95.80838323353294,32,32,1,1,0.684931506849315,100.0
469,Norman Powell [TOR],47.8494623655914,111.29032258064515,32,32,3,1,2.0547945205479454,33.33333333333333
470,Greg Monroe [TOR],49.09090909090909,98.7878787878788,32,32,4,1,2.73972602739726,25.0
471,Jonas Valanciunas [TOR],55.787476280834916,114.04174573055028,32,32,1,1,0.684931506849315,100.0
472,OG Anunoby [TOR],45.05208333333333,106.51041666666667,32,32,7,4,4.794520547945205,57.14285714285714
473,Fred VanVleet [TOR],41.289198606271775,101.56794425087108,32,32,15,9,10.273972602739725,60.0
474,Pascal Siakam [TOR],55.032822757111596,118.38074398249452,32,32,22,13,15.068493150684931,59.09090909090909
475,Serge Ibaka [TOR],52.79429250891795,110.93935790725327,32,32,19,8,13.013698630136986,42.10526315789473
476,Kyle Lowry [TOR],41.25177809388336,103.84068278805121,32,32,22,11,15.068493150684931,50.0
477,Others [TOR],0.0,0.0,32,32,1,1,0.684931506849315,100.0
478,Danny Green [TOR],46.73202614379085,124.83660130718954,32,32,17,8,11.643835616438356,47.05882352941176
479,Kawhi Leonard [TOR],49.9546690843155,109.88213961922031,32,32,26,17,17.80821917808219,65.38461538461539
480,CJ Miles [TOR],35.483870967741936,92.1146953405018,33,33,0,0,0.0,0.0
481,Delon Wright [TOR],43.12977099236641,95.22900763358778,33,33,3,2,2.0689655172413794,66.66666666666666
482,Marc Gasol [TOR],44.85981308411215,101.16822429906543,33,33,3,1,2.0689655172413794,33.33333333333333
483,Jeremy Lin [TOR],42.91417165668663,95.80838323353294,33,33,1,0,0.6896551724137931,0.0
484,Norman Powell [TOR],47.8494623655914,111.29032258064515,33,33,10,8,6.896551724137931,80.0
485,Greg Monroe [TOR],49.09090909090909,98.7878787878788,33,33,4,2,2.7586206896551726,50.0
486,Jonas Valanciunas [TOR],55.787476280834916,114.04174573055028,33,33,3,0,2.0689655172413794,0.0
487,OG Anunoby [TOR],45.05208333333333,106.51041666666667,33,33,4,4,2.7586206896551726,100.0
488,Fred VanVleet [TOR],41.289198606271775,101.56794425087108,33,33,12,6,8.275862068965518,50.0
489,Pascal Siakam [TOR],55.032822757111596,118.38074398249452,33,33,22,14,15.172413793103448,63.63636363636363
490,Serge Ibaka [TOR],52.79429250891795,110.93935790725327,33,33,17,10,11.724137931034482,58.82352941176471
491,Kyle Lowry [TOR],41.25177809388336,103.84068278805121,33,33,22,7,15.172413793103448,31.818181818181817
492,Others [TOR],0.0,0.0,33,33,2,1,1.3793103448275863,50.0
493,Danny Green [TOR],46.73202614379085,124.83660130718954,33,33,15,7,10.344827586206897,46.666666666666664
494,Kawhi Leonard [TOR],49.9546690843155,109.88213961922031,33,33,27,13,18.620689655172413,48.148148148148145
495,CJ Miles [TOR],35.483870967741936,92.1146953405018,34,34,0,0,0.0,0.0
496,Delon Wright [TOR],43.12977099236641,95.22900763358778,34,34,2,1,1.3888888888888888,50.0
497,Marc Gasol [TOR],44.85981308411215,101.16822429906543,34,34,1,0,0.6944444444444444,0.0
498,Jeremy Lin [TOR],42.91417165668663,95.80838323353294,34,34,6,3,4.166666666666667,50.0
499,Norman Powell [TOR],47.8494623655914,111.29032258064515,34,34,13,8,9.027777777777779,61.53846153846154
500,Greg Monroe [TOR],49.09090909090909,98.7878787878788,34,34,4,2,2.7777777777777777,50.0
501,Jonas Valanciunas [TOR],55.787476280834916,114.04174573055028,34,34,7,3,4.861111111111111,42.857142857142854
502,OG Anunoby [TOR],45.05208333333333,106.51041666666667,34,34,16,6,11.11111111111111,37.5
503,Fred VanVleet [TOR],41.289198606271775,101.56794425087108,34,34,14,5,9.722222222222221,35.714285714285715
504,Pascal Siakam [TOR],55.032822757111596,118.38074398249452,34,34,14,8,9.722222222222221,57.14285714285714
505,Serge Ibaka [TOR],52.79429250891795,110.93935790725327,34,34,12,8,8.333333333333334,66.66666666666666
506,Kyle Lowry [TOR],41.25177809388336,103.84068278805121,34,34,21,7,14.583333333333334,33.33333333333333
507,Others [TOR],0.0,0.0,34,34,6,1,4.166666666666667,16.666666666666664
508,Danny Green [TOR],46.73202614379085,124.83660130718954,34,34,11,4,7.638888888888889,36.36363636363637
509,Kawhi Leonard [TOR],49.9546690843155,109.88213961922031,34,34,17,7,11.805555555555555,41.17647058823529
510,CJ Miles [TOR],35.483870967741936,92.1146953405018,35,35,5,2,3.5211267605633805,40.0
511,Delon Wright [TOR],43.12977099236641,95.22900763358778,35,35,9,6,6.338028169014085,66.66666666666666
512,Marc Gasol [TOR],44.85981308411215,101.16822429906543,35,35,1,1,0.704225352112676,100.0
513,Jeremy Lin [TOR],42.91417165668663,95.80838323353294,35,35,5,1,3.5211267605633805,20.0
514,Norman Powell [TOR],47.8494623655914,111.29032258064515,35,35,15,6,10.56338028169014,40.0
515,Greg Monroe [TOR],49.09090909090909,98.7878787878788,35,35,8,5,5.633802816901408,62.5
516,Jonas Valanciunas [TOR],55.787476280834916,114.04174573055028,35,35,10,5,7.042253521126761,50.0
517,OG Anunoby [TOR],45.05208333333333,106.51041666666667,35,35,13,5,9.154929577464788,38.46153846153847
518,Fred VanVleet [TOR],41.289198606271775,101.56794425087108,35,35,16,5,11.267605633802816,31.25
519,Pascal Siakam [TOR],55.032822757111596,118.38074398249452,35,35,25,12,17.6056338028169,48.0
520,Serge Ibaka [TOR],52.79429250891795,110.93935790725327,35,35,10,5,7.042253521126761,50.0
521,Kyle Lowry [TOR],41.25177809388336,103.84068278805121,35,35,9,4,6.338028169014085,44.44444444444444
522,Others [TOR],0.0,0.0,35,35,3,0,2.112676056338028,0.0
523,Danny Green [TOR],46.73202614379085,124.83660130718954,35,35,2,1,1.408450704225352,50.0
524,Kawhi Leonard [TOR],49.9546690843155,109.88213961922031,35,35,11,4,7.746478873239437,36.36363636363637
525,CJ Miles [TOR],35.483870967741936,92.1146953405018,36,36,7,1,3.6649214659685865,14.285714285714285
526,Delon Wright [TOR],43.12977099236641,95.22900763358778,36,36,14,7,7.329842931937173,50.0
527,Marc Gasol [TOR],44.85981308411215,101.16822429906543,36,36,0,0,0.0,0.0
528,Jeremy Lin [TOR],42.91417165668663,95.80838323353294,36,36,14,4,7.329842931937173,28.57142857142857
529,Norman Powell [TOR],47.8494623655914,111.29032258064515,36,36,32,12,16.75392670157068,37.5
530,Greg Monroe [TOR],49.09090909090909,98.7878787878788,36,36,12,6,6.282722513089006,50.0
531,Jonas Valanciunas [TOR],55.787476280834916,114.04174573055028,36,36,12,4,6.282722513089006,33.33333333333333
532,OG Anunoby [TOR],45.05208333333333,106.51041666666667,36,36,19,7,9.947643979057592,36.84210526315789
533,Fred VanVleet [TOR],41.289198606271775,101.56794425087108,36,36,32,12,16.75392670157068,37.5
534,Pascal Siakam [TOR],55.032822757111596,118.38074398249452,36,36,13,7,6.806282722513089,53.84615384615385
535,Serge Ibaka [TOR],52.79429250891795,110.93935790725327,36,36,7,1,3.6649214659685865,14.285714285714285
536,Kyle Lowry [TOR],41.25177809388336,103.84068278805121,36,36,11,4,5.7591623036649215,36.36363636363637
537,Others [TOR],0.0,0.0,36,36,9,1,4.712041884816754,11.11111111111111
538,Danny Green [TOR],46.73202614379085,124.83660130718954,36,36,2,0,1.0471204188481675,0.0
539,Kawhi Leonard [TOR],49.9546690843155,109.88213961922031,36,36,7,1,3.6649214659685865,14.285714285714285
540,CJ Miles [TOR],35.483870967741936,92.1146953405018,37,37,7,0,6.0344827586206895,0.0
541,Delon Wright [TOR],43.12977099236641,95.22900763358778,37,37,19,10,16.379310344827587,52.63157894736842
542,Marc Gasol [TOR],44.85981308411215,101.16822429906543,37,37,2,1,1.7241379310344827,50.0
543,Jeremy Lin [TOR],42.91417165668663,95.80838323353294,37,37,5,1,4.310344827586207,20.0
544,Norman Powell [TOR],47.8494623655914,111.29032258064515,37,37,18,8,15.517241379310345,44.44444444444444
545,Greg Monroe [TOR],49.09090909090909,98.7878787878788,37,37,3,0,2.586206896551724,0.0
546,Jonas Valanciunas [TOR],55.787476280834916,114.04174573055028,37,37,5,4,4.310344827586207,80.0
547,OG Anunoby [TOR],45.05208333333333,106.51041666666667,37,37,11,3,9.482758620689655,27.27272727272727
548,Fred VanVleet [TOR],41.289198606271775,101.56794425087108,37,37,9,3,7.758620689655173,33.33333333333333
549,Pascal Siakam [TOR],55.032822757111596,118.38074398249452,37,37,10,7,8.620689655172415,70.0
550,Serge Ibaka [TOR],52.79429250891795,110.93935790725327,37,37,7,5,6.0344827586206895,71.42857142857143
551,Kyle Lowry [TOR],41.25177809388336,103.84068278805121,37,37,3,1,2.586206896551724,33.33333333333333
552,Others [TOR],0.0,0.0,37,37,12,7,10.344827586206897,58.333333333333336
553,Danny Green [TOR],46.73202614379085,124.83660130718954,37,37,2,0,1.7241379310344827,0.0
554,Kawhi Leonard [TOR],49.9546690843155,109.88213961922031,37,37,3,0,2.586206896551724,0.0
555,CJ Miles [TOR],35.483870967741936,92.1146953405018,38,38,7,3,4.794520547945205,42.857142857142854
556,Delon Wright [TOR],43.12977099236641,95.22900763358778,38,38,11,5,7.534246575342466,45.45454545454545
557,Marc Gasol [TOR],44.85981308411215,101.16822429906543,38,38,5,3,3.4246575342465753,60.0
558,Jeremy Lin [TOR],42.91417165668663,95.80838323353294,38,38,7,2,4.794520547945205,28.57142857142857
559,Norman Powell [TOR],47.8494623655914,111.29032258064515,38,38,24,16,16.438356164383563,66.66666666666666
560,Greg Monroe [TOR],49.09090909090909,98.7878787878788,38,38,6,3,4.109589041095891,50.0
561,Jonas Valanciunas [TOR],55.787476280834916,114.04174573055028,38,38,8,4,5.47945205479452,50.0
562,OG Anunoby [TOR],45.05208333333333,106.51041666666667,38,38,21,9,14.383561643835616,42.857142857142854
563,Fred VanVleet [TOR],41.289198606271775,101.56794425087108,38,38,13,7,8.904109589041095,53.84615384615385
564,Pascal Siakam [TOR],55.032822757111596,118.38074398249452,38,38,6,1,4.109589041095891,16.666666666666664
565,Serge Ibaka [TOR],52.79429250891795,110.93935790725327,38,38,15,9,10.273972602739725,60.0
566,Kyle Lowry [TOR],41.25177809388336,103.84068278805121,38,38,6,2,4.109589041095891,33.33333333333333
567,Others [TOR],0.0,0.0,38,38,13,4,8.904109589041095,30.76923076923077
568,Danny Green [TOR],46.73202614379085,124.83660130718954,38,38,1,1,0.684931506849315,100.0
569,Kawhi Leonard [TOR],49.9546690843155,109.88213961922031,38,38,3,2,2.0547945205479454,66.66666666666666
570,CJ Miles [TOR],35.483870967741936,92.1146953405018,39,39,13,3,8.904109589041095,23.076923076923077
571,Delon Wright [TOR],43.12977099236641,95.22900763358778,39,39,12,4,8.219178082191782,33.33333333333333
572,Marc Gasol [TOR],44.85981308411215,101.16822429906543,39,39,2,1,1.36986301369863,50.0
573,Jeremy Lin [TOR],42.91417165668663,95.80838323353294,39,39,13,5,8.904109589041095,38.46153846153847
574,Norman Powell [TOR],47.8494623655914,111.29032258064515,39,39,19,6,13.013698630136986,31.57894736842105
575,Greg Monroe [TOR],49.09090909090909,98.7878787878788,39,39,7,4,4.794520547945205,57.14285714285714
576,Jonas Valanciunas [TOR],55.787476280834916,114.04174573055028,39,39,6,5,4.109589041095891,83.33333333333334
577,OG Anunoby [TOR],45.05208333333333,106.51041666666667,39,39,19,4,13.013698630136986,21.052631578947366
578,Fred VanVleet [TOR],41.289198606271775,101.56794425087108,39,39,15,5,10.273972602739725,33.33333333333333
579,Pascal Siakam [TOR],55.032822757111596,118.38074398249452,39,39,8,5,5.47945205479452,62.5
580,Serge Ibaka [TOR],52.79429250891795,110.93935790725327,39,39,16,10,10.95890410958904,62.5
581,Kyle Lowry [TOR],41.25177809388336,103.84068278805121,39,39,5,2,3.4246575342465753,40.0
582,Others [TOR],0.0,0.0,39,39,5,2,3.4246575342465753,40.0
583,Danny Green [TOR],46.73202614379085,124.83660130718954,39,39,2,1,1.36986301369863,50.0
584,Kawhi Leonard [TOR],49.9546690843155,109.88213961922031,39,39,4,1,2.73972602739726,25.0
585,CJ Miles [TOR],35.483870967741936,92.1146953405018,40,40,11,2,7.28476821192053,18.181818181818183
586,Delon Wright [TOR],43.12977099236641,95.22900763358778,40,40,14,7,9.271523178807946,50.0
587,Marc Gasol [TOR],44.85981308411215,101.16822429906543,40,40,3,2,1.9867549668874172,66.66666666666666
588,Jeremy Lin [TOR],42.91417165668663,95.80838323353294,40,40,7,4,4.635761589403973,57.14285714285714
589,Norman Powell [TOR],47.8494623655914,111.29032258064515,40,40,22,11,14.56953642384106,50.0
590,Greg Monroe [TOR],49.09090909090909,98.7878787878788,40,40,8,3,5.298013245033113,37.5
591,Jonas Valanciunas [TOR],55.787476280834916,114.04174573055028,40,40,4,3,2.6490066225165565,75.0
592,OG Anunoby [TOR],45.05208333333333,106.51041666666667,40,40,18,3,11.920529801324504,16.666666666666664
593,Fred VanVleet [TOR],41.289198606271775,101.56794425087108,40,40,17,5,11.258278145695364,29.411764705882355
594,Pascal Siakam [TOR],55.032822757111596,118.38074398249452,40,40,9,7,5.960264900662252,77.77777777777779
595,Serge Ibaka [TOR],52.79429250891795,110.93935790725327,40,40,10,6,6.622516556291391,60.0
596,Kyle Lowry [TOR],41.25177809388336,103.84068278805121,40,40,8,4,5.298013245033113,50.0
597,Others [TOR],0.0,0.0,40,40,10,6,6.622516556291391,60.0
598,Danny Green [TOR],46.73202614379085,124.83660130718954,40,40,1,1,0.6622516556291391,100.0
599,Kawhi Leonard [TOR],49.9546690843155,109.88213961922031,40,40,9,2,5.960264900662252,22.22222222222222
600,CJ Miles [TOR],35.483870967741936,92.1146953405018,41,41,7,3,6.0344827586206895,42.857142857142854
601,Delon Wright [TOR],43.12977099236641,95.22900763358778,41,41,8,6,6.896551724137931,75.0
602,Marc Gasol [TOR],44.85981308411215,101.16822429906543,41,41,1,0,0.8620689655172413,0.0
603,Jeremy Lin [TOR],42.91417165668663,95.80838323353294,41,41,3,1,2.586206896551724,33.33333333333333
604,Norman Powell [TOR],47.8494623655914,111.29032258064515,41,41,8,3,6.896551724137931,37.5
605,Greg Monroe [TOR],49.09090909090909,98.7878787878788,41,41,1,0,0.8620689655172413,0.0
606,Jonas Valanciunas [TOR],55.787476280834916,114.04174573055028,41,41,4,2,3.4482758620689653,50.0
607,OG Anunoby [TOR],45.05208333333333,106.51041666666667,41,41,12,5,10.344827586206897,41.66666666666667
608,Fred VanVleet [TOR],41.289198606271775,101.56794425087108,41,41,14,6,12.068965517241379,42.857142857142854
609,Pascal Siakam [TOR],55.032822757111596,118.38074398249452,41,41,8,3,6.896551724137931,37.5
610,Serge Ibaka [TOR],52.79429250891795,110.93935790725327,41,41,12,9,10.344827586206897,75.0
611,Kyle Lowry [TOR],41.25177809388336,103.84068278805121,41,41,9,6,7.758620689655173,66.66666666666666
612,Others [TOR],0.0,0.0,41,41,5,3,4.310344827586207,60.0
613,Danny Green [TOR],46.73202614379085,124.83660130718954,41,41,6,5,5.172413793103448,83.33333333333334
614,Kawhi Leonard [TOR],49.9546690843155,109.88213961922031,41,41,18,7,15.517241379310345,38.88888888888889
615,CJ Miles [TOR],35.483870967741936,92.1146953405018,42,42,5,2,4.237288135593221,40.0
616,Delon Wright [TOR],43.12977099236641,95.22900763358778,42,42,9,2,7.627118644067797,22.22222222222222
617,Marc Gasol [TOR],44.85981308411215,101.16822429906543,42,42,1,1,0.847457627118644,100.0
618,Jeremy Lin [TOR],42.91417165668663,95.80838323353294,42,42,3,3,2.542372881355932,100.0
619,Norman Powell [TOR],47.8494623655914,111.29032258064515,42,42,6,3,5.084745762711864,50.0
620,Greg Monroe [TOR],49.09090909090909,98.7878787878788,42,42,2,1,1.694915254237288,50.0
621,Jonas Valanciunas [TOR],55.787476280834916,114.04174573055028,42,42,4,2,3.389830508474576,50.0
622,OG Anunoby [TOR],45.05208333333333,106.51041666666667,42,42,8,4,6.779661016949152,50.0
623,Fred VanVleet [TOR],41.289198606271775,101.56794425087108,42,42,8,3,6.779661016949152,37.5
624,Pascal Siakam [TOR],55.032822757111596,118.38074398249452,42,42,10,4,8.474576271186441,40.0
625,Serge Ibaka [TOR],52.79429250891795,110.93935790725327,42,42,12,5,10.169491525423728,41.66666666666667
626,Kyle Lowry [TOR],41.25177809388336,103.84068278805121,42,42,14,4,11.864406779661017,28.57142857142857
627,Others [TOR],0.0,0.0,42,42,5,1,4.237288135593221,20.0
628,Danny Green [TOR],46.73202614379085,124.83660130718954,42,42,9,4,7.627118644067797,44.44444444444444
629,Kawhi Leonard [TOR],49.9546690843155,109.88213961922031,42,42,22,9,18.64406779661017,40.909090909090914
630,CJ Miles [TOR],35.483870967741936,92.1146953405018,43,43,3,0,2.7027027027027026,0.0
631,Delon Wright [TOR],43.12977099236641,95.22900763358778,43,43,6,3,5.405405405405405,50.0
632,Marc Gasol [TOR],44.85981308411215,101.16822429906543,43,43,2,1,1.8018018018018018,50.0
633,Jeremy Lin [TOR],42.91417165668663,95.80838323353294,43,43,3,1,2.7027027027027026,33.33333333333333
634,Norman Powell [TOR],47.8494623655914,111.29032258064515,43,43,4,3,3.6036036036036037,75.0
635,Greg Monroe [TOR],49.09090909090909,98.7878787878788,43,43,1,0,0.9009009009009009,0.0
636,Jonas Valanciunas [TOR],55.787476280834916,114.04174573055028,43,43,5,1,4.504504504504505,20.0
637,OG Anunoby [TOR],45.05208333333333,106.51041666666667,43,43,7,2,6.306306306306307,28.57142857142857
638,Fred VanVleet [TOR],41.289198606271775,101.56794425087108,43,43,12,5,10.81081081081081,41.66666666666667
639,Pascal Siakam [TOR],55.032822757111596,118.38074398249452,43,43,13,10,11.711711711711711,76.92307692307693
640,Serge Ibaka [TOR],52.79429250891795,110.93935790725327,43,43,15,8,13.513513513513514,53.333333333333336
641,Kyle Lowry [TOR],41.25177809388336,103.84068278805121,43,43,8,3,7.207207207207207,37.5
642,Others [TOR],0.0,0.0,43,43,4,2,3.6036036036036037,50.0
643,Danny Green [TOR],46.73202614379085,124.83660130718954,43,43,4,3,3.6036036036036037,75.0
644,Kawhi Leonard [TOR],49.9546690843155,109.88213961922031,43,43,24,14,21.62162162162162,58.333333333333336
645,CJ Miles [TOR],35.483870967741936,92.1146953405018,44,44,2,1,1.8691588785046729,50.0
646,Delon Wright [TOR],43.12977099236641,95.22900763358778,44,44,2,1,1.8691588785046729,50.0
647,Marc Gasol [TOR],44.85981308411215,101.16822429906543,44,44,0,0,0.0,0.0
648,Jeremy Lin [TOR],42.91417165668663,95.80838323353294,44,44,2,1,1.8691588785046729,50.0
649,Norman Powell [TOR],47.8494623655914,111.29032258064515,44,44,2,0,1.8691588785046729,0.0
650,Greg Monroe [TOR],49.09090909090909,98.7878787878788,44,44,2,0,1.8691588785046729,0.0
651,Jonas Valanciunas [TOR],55.787476280834916,114.04174573055028,44,44,1,1,0.9345794392523364,100.0
652,OG Anunoby [TOR],45.05208333333333,106.51041666666667,44,44,2,1,1.8691588785046729,50.0
653,Fred VanVleet [TOR],41.289198606271775,101.56794425087108,44,44,12,6,11.214953271028037,50.0
654,Pascal Siakam [TOR],55.032822757111596,118.38074398249452,44,44,10,7,9.345794392523365,70.0
655,Serge Ibaka [TOR],52.79429250891795,110.93935790725327,44,44,13,6,12.149532710280374,46.15384615384615
656,Kyle Lowry [TOR],41.25177809388336,103.84068278805121,44,44,19,8,17.757009345794394,42.10526315789473
657,Others [TOR],0.0,0.0,44,44,1,0,0.9345794392523364,0.0
658,Danny Green [TOR],46.73202614379085,124.83660130718954,44,44,7,3,6.542056074766355,42.857142857142854
659,Kawhi Leonard [TOR],49.9546690843155,109.88213961922031,44,44,32,17,29.906542056074766,53.125
660,CJ Miles [TOR],35.483870967741936,92.1146953405018,45,45,1,0,0.9345794392523364,0.0
661,Delon Wright [TOR],43.12977099236641,95.22900763358778,45,45,1,1,0.9345794392523364,100.0
662,Marc Gasol [TOR],44.85981308411215,101.16822429906543,45,45,3,1,2.803738317757009,33.33333333333333
663,Jeremy Lin [TOR],42.91417165668663,95.80838323353294,45,45,1,0,0.9345794392523364,0.0
664,Norman Powell [TOR],47.8494623655914,111.29032258064515,45,45,2,1,1.8691588785046729,50.0
665,Greg Monroe [TOR],49.09090909090909,98.7878787878788,45,45,0,0,0.0,0.0
666,Jonas Valanciunas [TOR],55.787476280834916,114.04174573055028,45,45,0,0,0.0,0.0
667,OG Anunoby [TOR],45.05208333333333,106.51041666666667,45,45,3,1,2.803738317757009,33.33333333333333
668,Fred VanVleet [TOR],41.289198606271775,101.56794425087108,45,45,9,3,8.411214953271028,33.33333333333333
669,Pascal Siakam [TOR],55.032822757111596,118.38074398249452,45,45,11,4,10.280373831775702,36.36363636363637
670,Serge Ibaka [TOR],52.79429250891795,110.93935790725327,45,45,15,8,14.018691588785046,53.333333333333336
671,Kyle Lowry [TOR],41.25177809388336,103.84068278805121,45,45,12,1,11.214953271028037,8.333333333333332
672,Others [TOR],0.0,0.0,45,45,4,1,3.7383177570093458,25.0
673,Danny Green [TOR],46.73202614379085,124.83660130718954,45,45,13,4,12.149532710280374,30.76923076923077
674,Kawhi Leonard [TOR],49.9546690843155,109.88213961922031,45,45,32,17,29.906542056074766,53.125
675,CJ Miles [TOR],35.483870967741936,92.1146953405018,46,46,1,1,0.9523809523809523,100.0
676,Delon Wright [TOR],43.12977099236641,95.22900763358778,46,46,1,1,0.9523809523809523,100.0
677,Marc Gasol [TOR],44.85981308411215,101.16822429906543,46,46,2,0,1.9047619047619047,0.0
678,Jeremy Lin [TOR],42.91417165668663,95.80838323353294,46,46,1,0,0.9523809523809523,0.0
679,Norman Powell [TOR],47.8494623655914,111.29032258064515,46,46,1,0,0.9523809523809523,0.0
680,Greg Monroe [TOR],49.09090909090909,98.7878787878788,46,46,0,0,0.0,0.0
681,Jonas Valanciunas [TOR],55.787476280834916,114.04174573055028,46,46,4,1,3.8095238095238093,25.0
682,OG Anunoby [TOR],45.05208333333333,106.51041666666667,46,46,3,1,2.857142857142857,33.33333333333333
683,Fred VanVleet [TOR],41.289198606271775,101.56794425087108,46,46,10,4,9.523809523809524,40.0
684,Pascal Siakam [TOR],55.032822757111596,118.38074398249452,46,46,18,9,17.142857142857142,50.0
685,Serge Ibaka [TOR],52.79429250891795,110.93935790725327,46,46,7,1,6.666666666666667,14.285714285714285
686,Kyle Lowry [TOR],41.25177809388336,103.84068278805121,46,46,13,5,12.380952380952381,38.46153846153847
687,Others [TOR],0.0,0.0,46,46,8,2,7.619047619047619,25.0
688,Danny Green [TOR],46.73202614379085,124.83660130718954,46,46,9,3,8.571428571428571,33.33333333333333
689,Kawhi Leonard [TOR],49.9546690843155,109.88213961922031,46,46,27,15,25.714285714285715,55.55555555555556
690,CJ Miles [TOR],35.483870967741936,92.1146953405018,47,47,1,0,0.9174311926605505,0.0
691,Delon Wright [TOR],43.12977099236641,95.22900763358778,47,47,5,1,4.587155963302752,20.0
692,Marc Gasol [TOR],44.85981308411215,101.16822429906543,47,47,1,1,0.9174311926605505,100.0
693,Jeremy Lin [TOR],42.91417165668663,95.80838323353294,47,47,1,0,0.9174311926605505,0.0
694,Norman Powell [TOR],47.8494623655914,111.29032258064515,47,47,0,0,0.0,0.0
695,Greg Monroe [TOR],49.09090909090909,98.7878787878788,47,47,1,1,0.9174311926605505,100.0
696,Jonas Valanciunas [TOR],55.787476280834916,114.04174573055028,47,47,3,2,2.7522935779816513,66.66666666666666
697,OG Anunoby [TOR],45.05208333333333,106.51041666666667,47,47,2,1,1.834862385321101,50.0
698,Fred VanVleet [TOR],41.289198606271775,101.56794425087108,47,47,4,2,3.669724770642202,50.0
699,Pascal Siakam [TOR],55.032822757111596,118.38074398249452,47,47,8,6,7.339449541284404,75.0
700,Serge Ibaka [TOR],52.79429250891795,110.93935790725327,47,47,9,3,8.256880733944953,33.33333333333333
701,Kyle Lowry [TOR],41.25177809388336,103.84068278805121,47,47,17,9,15.596330275229358,52.94117647058824
702,Others [TOR],0.0,0.0,47,47,16,8,14.678899082568808,50.0
703,Danny Green [TOR],46.73202614379085,124.83660130718954,47,47,9,3,8.256880733944953,33.33333333333333
704,Kawhi Leonard [TOR],49.9546690843155,109.88213961922031,47,47,32,11,29.357798165137616,34.375
705,CJ Miles [TOR],35.483870967741936,92.1146953405018,48,48,1,0,0.7407407407407407,0.0
706,Delon Wright [TOR],43.12977099236641,95.22900763358778,48,48,1,1,0.7407407407407407,100.0
707,Marc Gasol [TOR],44.85981308411215,101.16822429906543,48,48,1,0,0.7407407407407407,0.0
708,Jeremy Lin [TOR],42.91417165668663,95.80838323353294,48,48,2,1,1.4814814814814814,50.0
709,Norman Powell [TOR],47.8494623655914,111.29032258064515,48,48,2,1,1.4814814814814814,50.0
710,Greg Monroe [TOR],49.09090909090909,98.7878787878788,48,48,3,0,2.2222222222222223,0.0
711,Jonas Valanciunas [TOR],55.787476280834916,114.04174573055028,48,48,3,1,2.2222222222222223,33.33333333333333
712,OG Anunoby [TOR],45.05208333333333,106.51041666666667,48,48,6,4,4.444444444444445,66.66666666666666
713,Fred VanVleet [TOR],41.289198606271775,101.56794425087108,48,48,8,3,5.925925925925926,37.5
714,Pascal Siakam [TOR],55.032822757111596,118.38074398249452,48,48,10,6,7.407407407407407,60.0
715,Serge Ibaka [TOR],52.79429250891795,110.93935790725327,48,48,10,4,7.407407407407407,40.0
716,Kyle Lowry [TOR],41.25177809388336,103.84068278805121,48,48,15,5,11.11111111111111,33.33333333333333
717,Others [TOR],0.0,0.0,48,48,16,6,11.851851851851851,37.5
718,Danny Green [TOR],46.73202614379085,124.83660130718954,48,48,19,7,14.074074074074074,36.84210526315789
719,Kawhi Leonard [TOR],49.9546690843155,109.88213961922031,48,48,38,16,28.14814814814815,42.10526315789473
